<?xml version="1.0" encoding="UTF-8"?>
<opml version="1.0">
 <head>
  <title>Ciné - TV</title>
  <type>Premium</type>
  <creationDate>2019-07-08 12:24:53</creationDate>
 </head>
 <body>
  <outline title="Ciné" icon="movie" iconColor="pink" cols="3" layout="3-0">
   <outline title="Premiere.fr" xmlUrl="http://www.premiere.fr/var/premiere/storage/rss/live_actu.xml" htmlUrl="http://www.premiere.fr/" type="rss" row="1000" col="1"/>
   <outline title="Toute l'actualité Ciné" xmlUrl="http://rss.allocine.fr/ac/actualites/cine" htmlUrl="http://www.allocine.fr/" type="rss" row="2000" col="1"/>
   <outline title="Les chroniques de Cliffhanger" xmlUrl="http://leschroniquesdecliffhanger.com/feed/" htmlUrl="https://leschroniquesdecliffhanger.com/" type="rss" row="3000" col="1"/>
   <outline title="Filmosphere" xmlUrl="http://feeds.feedburner.com/Filmosphere" htmlUrl="https://www.screenmania.fr/" type="rss" row="4000" col="1"/>
   <outline title="cinemateaser" xmlUrl="http://www.cinemateaser.com/feed" htmlUrl="http://www.cinemateaser.com/" type="rss" row="1000" col="2"/>
   <outline title="LEXPRESS.fr - RSS culture" xmlUrl="http://www.lexpress.fr/rss/cinema.xml" htmlUrl="https://www.lexpress.fr/" type="rss" row="2000" col="2"/>
   <outline title="Sur la Route du Cinéma" xmlUrl="http://www.surlarouteducinema.com/index.rss" htmlUrl="http://www.surlarouteducinema.com/" type="rss" row="3000" col="2"/>
   <outline title="Biiinge by Konbini" xmlUrl="http://biiinge.konbini.com/feed/" htmlUrl="https://wp-biiinge.konbini.com/" type="rss" row="1000" col="3"/>
   <outline title="CloneWeb" xmlUrl="http://www.cloneweb.net/feed/" htmlUrl="https://www.cloneweb.net/" type="rss" row="2000" col="3"/>
   <outline title="LE FIGARO - Le Figaro  Cinéma : Les films à l'affiche" xmlUrl="http://www.lefigaro.fr/rss/figaro_cinema.xml" htmlUrl="http://www.lefigaro.fr/" type="rss" row="3000" col="3"/>
   <outline title="Critique Séries-Film" xmlUrl="http://www.critique-film.fr/feed/" htmlUrl="https://www.critique-film.fr/" type="rss" row="4000" col="3"/>
  </outline>
  <outline title="Ciné +" icon="label-2" iconColor="pink" cols="3" layout="3-0">
   <outline title="DailyMars" xmlUrl="http://www.dailymars.net/feed/" htmlUrl="http://www.dailymars.net/" type="rss" row="1000" col="1"/>
   <outline type="ExtendedVibes" title="Twitter search: 'from:So_Film'" row="2000" col="1">
    <outline streamTypes="twitter-search" lockedTab="true" mySearch="from:So_Film" filterSearch="" searchLimit="3" geocode="" radius="" unit="kilometers" showThumb="" pagerPosition="bottom" activeTab="twitter-search" nvid="" searchType="social" latLong="" searchHistory="from:So_Film:netvibes" lightVersion="1"/>
   </outline>
   <outline title="L'Oeil sur l'Ecran" xmlUrl="http://films.blog.lemonde.fr/feed/" htmlUrl="https://films.oeil-ecran.com/" type="rss" row="3000" col="1"/>
   <outline title="Cineblogywood" xmlUrl="http://feeds.feedburner.com/Cineblogywood" htmlUrl="http://blogywoodland.blogspot.com/" type="rss" row="1000" col="2"/>
   <outline type="ExtendedVibes" title="Twitter search: 'from:sensCritique'" row="2000" col="2">
    <outline streamTypes="twitter-search" lockedTab="true" mySearch="from:sensCritique" filterSearch="" searchLimit="3" geocode="" radius="" unit="kilometers" showThumb="" pagerPosition="bottom" activeTab="twitter-search" nvid="" searchType="social" latLong="" searchHistory="from:sensCritique:from:ensCritique:So_Film:from:netvibes:fandecine:from:fandecine" lightVersion="1"/>
   </outline>
   <outline title="Cinematraque" xmlUrl="http://www.cinematraque.com/feed/" htmlUrl="http://www.cinematraque.com/" type="rss" row="3000" col="2"/>
   <outline title="Les Inrocks - cinema" xmlUrl="http://www.lesinrocks.com/cinema/feed/" htmlUrl="https://www.lesinrocks.com/cinema/feed" type="rss" row="1000" col="3"/>
   <outline type="ExtendedVibes" title="Twitter search: 'from:fandecine'" row="2000" col="3">
    <outline streamTypes="twitter-search" lockedTab="true" mySearch="from:fandecine" filterSearch="" searchLimit="3" geocode="" radius="" unit="kilometers" showThumb="" pagerPosition="bottom" activeTab="twitter-search" nvid="" searchType="social" latLong="" searchHistory="from:fandecine:netvibes:So_Film:from:from:So_Film" lightVersion="1"/>
   </outline>
   <outline title="IN THE MOOD FOR CINEMA" xmlUrl="http://www.inthemoodforcinema.com/index.rss" htmlUrl="http://www.inthemoodforcinema.com/" type="rss" row="3000" col="3"/>
  </outline>
  <outline title="TV" icon="computer" iconColor="pink" cols="3" layout="3-0">
   <outline title="Series Addict" xmlUrl="http://seriesaddict.fr/news/atom" htmlUrl="http://www.seriesaddict.fr/" type="rss" row="1000" col="1"/>
   <outline title="Flux d'actualités Séries TV de Premiere.fr" xmlUrl="http://series-tv.premiere.fr/var/premiere/storage/rss/series_actu.xml" htmlUrl="http://www.premiere.fr/" type="rss" row="2000" col="1"/>
   <outline title="Toutes les news Séries" xmlUrl="http://rss.allocine.fr/ac/actualites/series" htmlUrl="http://www.allocine.fr/" type="rss" row="1000" col="2"/>
   <outline title="Critictoo" xmlUrl="http://feeds.feedburner.com/Critictoo" htmlUrl="http://www.critictoo.com/" type="rss" row="2000" col="2"/>
   <outline title="melty - Séries" xmlUrl="http://www.melty.fr/series-5.rss" htmlUrl="https://www.melty.fr/" type="rss" row="1000" col="3"/>
   <outline title="Top consultations séries" xmlUrl="http://rss.allocine.fr/ac/series/top" htmlUrl="http://www.allocine.fr/" type="rss" row="2000" col="3"/>
   <outline title="Spin-off.fr : Toute l'actualité et critiques des épisodes de vos séries TV préférées" xmlUrl="http://feeds.feedburner.com/spin-off-actu" htmlUrl="https://www.spin-off.fr/" type="rss" row="3000" col="3"/>
  </outline>
  <outline title="Chaînes TV" cols="3" layout="3-0">
   <outline type="ExtendedVibes" title="Twitter search: 'from:seriescanalplus'" row="1000" col="1">
    <outline streamTypes="twitter-search" lockedTab="true" mySearch="from:seriescanalplus" filterSearch="" searchLimit="3" geocode="" radius="" unit="kilometers" showThumb="" pagerPosition="bottom" activeTab="twitter-search" nvid="" searchType="social" latLong="" searchHistory="from:seriescanalplus:netvibes" lightVersion="1"/>
   </outline>
   <outline type="ExtendedVibes" title="Twitter search: 'from:canalplus'" row="2000" col="1">
    <outline streamTypes="twitter-search" lockedTab="true" mySearch="from:canalplus" filterSearch="" searchLimit="3" geocode="" radius="" unit="kilometers" showThumb="" pagerPosition="bottom" activeTab="twitter-search" nvid="" searchType="social" latLong="" searchHistory="from:canalplus:M6lachaine:from:TF1:FROM:France2tv:France3tv:from:France3tv" lightVersion="1"/>
   </outline>
   <outline type="ExtendedVibes" title="Twitter search: 'from:France2tv'" row="1000" col="2">
    <outline streamTypes="twitter-search" lockedTab="true" mySearch="from:France2tv" filterSearch="" searchLimit="3" geocode="" radius="" unit="kilometers" showThumb="" pagerPosition="bottom" activeTab="twitter-search" nvid="" searchType="social" latLong="" searchHistory="from:France2tv:TF1:FROM:from:from:TF1" lightVersion="1"/>
   </outline>
   <outline type="ExtendedVibes" title="Twitter search: 'from:TF1'" row="2000" col="2">
    <outline streamTypes="twitter-search" lockedTab="true" mySearch="from:TF1" filterSearch="" searchLimit="3" geocode="" radius="" unit="kilometers" showThumb="" pagerPosition="bottom" activeTab="twitter-search" nvid="" searchType="social" latLong="" searchHistory="from:TF1:FROM:TF1" lightVersion="1"/>
   </outline>
   <outline type="ExtendedVibes" title="Twitter search: 'from:NRJ12lachaine'" row="3000" col="2">
    <outline streamTypes="twitter-search" lockedTab="true" mySearch="from:NRJ12lachaine" filterSearch="" searchLimit="3" geocode="" radius="" unit="kilometers" showThumb="" pagerPosition="bottom" activeTab="twitter-search" nvid="" searchType="social" latLong="" searchHistory="from:NRJ12lachaine:M6lachaine:from:TF1:FROM:France2tv:France3tv:from:France3tv" lightVersion="1"/>
   </outline>
   <outline type="ExtendedVibes" title="Twitter search: 'from:ARTEfr'" row="1000" col="3">
    <outline streamTypes="twitter-search" lockedTab="true" mySearch="from:ARTEfr" filterSearch="" searchLimit="3" geocode="" radius="" unit="kilometers" showThumb="" pagerPosition="bottom" activeTab="twitter-search" nvid="" searchType="social" latLong="" searchHistory="from:ARTEfr:M6lachaine:from:TF1:FROM:France2tv:France3tv:from:France3tv" lightVersion="1"/>
   </outline>
   <outline type="ExtendedVibes" title="Twitter search: 'from:France3tv'" row="2000" col="3">
    <outline streamTypes="twitter-search" lockedTab="true" mySearch="from:France3tv" filterSearch="" searchLimit="3" geocode="" radius="" unit="kilometers" showThumb="" pagerPosition="bottom" activeTab="twitter-search" nvid="" searchType="social" latLong="" searchHistory="from:France3tv:France2tv:from:FROM:TF1:M6lachaine:from:M6lachaine" lightVersion="1"/>
   </outline>
   <outline type="ExtendedVibes" title="Twitter search: 'from:@M6'" row="3000" col="3">
    <outline streamTypes="twitter-search" lockedTab="true" mySearch="from:@M6" filterSearch="" searchLimit="3" geocode="" radius="" unit="kilometers" showThumb="" pagerPosition="bottom" activeTab="twitter-search" nvid="" searchType="social" latLong="" searchHistory="[&quot;from:@M6&quot;,&quot;M6lachaine&quot;,&quot;from&quot;,&quot;TF1&quot;,&quot;FROM&quot;,&quot;France2tv&quot;,&quot;France3tv&quot;,&quot;from:France3tv&quot;]" lightVersion="1"/>
   </outline>
  </outline>
 </body>
</opml>
