<?xml version="1.0" encoding="UTF-8"?>
<opml version="1.0">
 <head>
  <title>Jeux vidéo</title>
  <type>Premium</type>
  <creationDate>2019-07-08 12:24:53</creationDate>
 </head>
 <body>
  <outline title="News" icon="calc" iconColor="orange" cols="4" layout="4-1">
   <outline title="Gamekult.com" xmlUrl="http://www.gamekult.com/feeds/actu.html" htmlUrl="https://www.gamekult.com/" type="rss" row="1000" col="1"/>
   <outline title="Actus jeu vidéo &amp;#x2F; Plateforme" provider="custom" url="http://avatars.netvibes.com/multifeed/404430" row="1000" col="2">
    <outline/>
   </outline>
   <outline title="GeekZone - Jeux" xmlUrl="http://www.geekzone.fr/ipb/rss/forums/3-geekzone-jeux/" htmlUrl="https://forum.geekzone.fr/latest" type="rss" row="1000" col="4"/>
  </outline>
  <outline title="Social" icon="bubble" iconColor="orange" cols="4" layout="4-0">
   <outline type="ExtendedVibes" title="Twitter search: &amp;#x27;jeux vidéos&amp;#x27;" row="1000" col="1">
    <outline type="twitter-search" mySearch="jeux vidéos" filterSearch="" searchLimit="5" showThumb="true" pagerPosition="bottom" activeTab="twitter-search" nvid="" color="blue" searchHistory="jeux vidéos:jeux vidéo" streamTypes="twitter-search" geocode="" radius="" unit="kilometers" searchType="social" lockedTab="false" latLong=""/>
   </outline>
   <outline type="ExtendedVibes" title="Twitter search: 'jeu vidéo'" row="2000" col="1">
    <outline type="twitter-search" mySearch="jeu vidéo" filterSearch="" searchLimit="5" showThumb="true" pagerPosition="bottom" activeTab="twitter-search" nvid="" color="blue" searchHistory="jeu vidéo:jeux vidéo" streamTypes="twitter-search" geocode="" radius="" unit="kilometers" searchType="social" lockedTab="false" latLong=""/>
   </outline>
   <outline type="ExtendedVibes" title="Twitter search: &amp;#x27;xbox&amp;#x27; (en_US)" row="1000" col="2">
    <outline streamTypes="twitter-search" lockedTab="true" mySearch="xbox" filterSearch="en_US" searchLimit="5" geocode="" radius="" unit="kilometers" showThumb="true" pagerPosition="bottom" activeTab="twitter-search" nvid="" searchType="social" latLong="" searchHistory="xbox:netvibes" lightVersion="" color="blue"/>
   </outline>
   <outline type="ExtendedVibes" title="Twitter search: 'sony' (fr_FR)" row="2000" col="2">
    <outline type="twitter-search" mySearch="sony" filterSearch="fr_FR" searchLimit="5" showThumb="true" pagerPosition="bottom" activeTab="twitter-search" nvid="" searchHistory="sony" color="blue" streamTypes="twitter-search" geocode="" radius="" unit="kilometers" searchType="social" lockedTab="false" latLong=""/>
   </outline>
   <outline type="ExtendedVibes" title="Twitter search: &amp;#x27;ps4&amp;#x27; (fr_FR)" row="1000" col="3">
    <outline type="twitter-search" mySearch="ps4" filterSearch="fr_FR" searchLimit="5" showThumb="true" pagerPosition="bottom" activeTab="twitter-search" nvid="" searchHistory="ps4:playstation ps4:sony:playstation" color="blue" streamTypes="twitter-search" geocode="" radius="" unit="kilometers" searchType="social" lockedTab="false" latLong="" lightVersion=""/>
   </outline>
   <outline type="ExtendedVibes" title="Twitter search: 'playstation' (fr_FR)" row="2000" col="3">
    <outline type="twitter-search" mySearch="playstation" filterSearch="fr_FR" searchLimit="5" showThumb="true" pagerPosition="bottom" activeTab="twitter-search" nvid="" searchHistory="playstation:sony" color="blue" streamTypes="twitter-search" geocode="" radius="" unit="kilometers" searchType="social" lockedTab="false" latLong=""/>
   </outline>
   <outline type="ExtendedVibes" title="Twitter search: &amp;#x27;wii&amp;#x27; (fr_FR)" row="1000" col="4">
    <outline type="twitter-search" mySearch="wii" filterSearch="fr_FR" searchLimit="5" showThumb="true" pagerPosition="bottom" activeTab="twitter-search" nvid="" searchHistory="wii:sony:plop:wi" color="blue" showPage="0" streamTypes="twitter-search" geocode="" radius="" unit="kilometers" searchType="social" lockedTab="false" latLong="" lightVersion=""/>
   </outline>
  </outline>
  <outline title="Playstation" icon="http://www.google.com/s2/favicons?domain_url=http://fr.playstation.com/" cols="2" layout="2-0">
   <outline title="PlayStation Blog en français" xmlUrl="https://blog.fr.playstation.com/feed/" htmlUrl="https://blog.fr.playstation.com/" type="rss" row="1000" col="1"/>
   <outline title="jeuxvideo.com - PlayStation 4" xmlUrl="http://www.jeuxvideo.com/rss/rss-ps4.xml" htmlUrl="http://www.jeuxvideo.com/" type="rss" row="1000" col="2"/>
  </outline>
  <outline title="Xbox" icon="http://www.xbox.com/xweb/lib/images/xbox/favicon.ico" cols="4" layout="4-1">
   <outline title="Gameblog" xmlUrl="http://www.gameblog.fr/rss.php?plateforme=77" htmlUrl="http://www.gameblog.fr/" type="rss" row="1000" col="1"/>
   <outline title="Xbox Gamer | Toute l'actualité Xbox 360 !" xmlUrl="http://www.xbox-gamer.net/rss.php" htmlUrl="http://www.xbox-gamer.net/" type="rss" row="1000" col="2"/>
   <outline title="jeuxvideo.com - Xbox One" xmlUrl="http://www.jeuxvideo.com/rss/rss-xo.xml" htmlUrl="http://www.jeuxvideo.com/" type="rss" row="2000" col="2"/>
  </outline>
  <outline title="Nintendo" icon="http://www.google.com/s2/favicons?domain_url=http://www.nintendo.com/" cols="4" layout="4-4">
   <outline title="Puissance Nintendo" xmlUrl="http://feeds.feedburner.com/pn-majs" htmlUrl="https://www.p-nintendo.com/rss/" type="rss" row="1000" col="1"/>
   <outline title="Nintendo Master" xmlUrl="http://www.nintendo-master.com/rss/news.php" htmlUrl="http://www.nintendo-master.com/blogs" type="rss" row="1000" col="2"/>
   <outline title="jeuxvideo.com - Wii" xmlUrl="http://www.jeuxvideo.com/rss/rss-wii.xml" htmlUrl="http://www.jeuxvideo.com/" type="rss" row="2000" col="2"/>
  </outline>
  <outline title="PC" cols="3" layout="3-0">
   <outline title="Tom's Games - News PC" xmlUrl="http://www.gameblog.fr/rss.php?plateforme=9" htmlUrl="http://www.gameblog.fr/" type="rss" row="1000" col="1"/>
   <outline title="NoFrag" xmlUrl="http://feeds.feedburner.com/nofrag_com" htmlUrl="https://nofrag.com/" type="rss" row="1000" col="2"/>
  </outline>
  <outline title="Blogs" cols="4" layout="4-1">
   <outline title="Le Journal du Gamer" xmlUrl="http://feeds.feedburner.com/LeJournalduGamer" htmlUrl="https://www.journaldugeek.com/" type="rss" row="1000" col="1"/>
   <outline title="&lt;a href=&quot;http:&amp;#x2F;&amp;#x2F;www.gamerside.fr&quot; target=&quot;_blank&quot;&gt;Gamerside&lt;/a&gt;" xmlUrl="http://www.gamerside.fr/feed/" htmlUrl="http://www.gamerside.fr/" type="rss" row="1000" col="2"/>
   <outline title="Damonx X" xmlUrl="http://feeds.feedburner.com/damonx21" htmlUrl="https://www.damonx.com/" type="rss" row="2000" col="2"/>
   <outline title="GamonGirls" xmlUrl="http://www.gamongirls.com/spip.php?page=backend" htmlUrl="http://www.gamongirls.com/" type="rss" row="1000" col="3"/>
   <outline title="VieDeGeek" xmlUrl="http://feeds.feedburner.com/VieDeGeek" htmlUrl="https://www.viedegeek.fr/" type="rss" row="2000" col="3"/>
   <outline title="Gohan's Blog" xmlUrl="http://www.gohanblog.fr/feed" htmlUrl="https://www.gohanblog.fr/" type="rss" row="1000" col="4"/>
  </outline>
  <outline title="Podcasts - vids" icon="movie" iconColor="orange" cols="3" layout="3-0">
   <outline title="Gaming Live - JeuxVideo.com" xmlUrl="http://www.jeuxvideo.com/rss/itunes.xml" htmlUrl="http://www.jeuxvideo.com/" type="rss" row="1000" col="1"/>
   <outline title="Gamekult.com : Derniers tests de jeux vidéo" xmlUrl="http://www.gamekult.com/feeds/test.html" htmlUrl="https://www.gamekult.com/" type="rss" row="1000" col="2"/>
   <outline title="LibéLabo - Silence, on joue" xmlUrl="http://www.liberation.fr/podcast/31/" htmlUrl="https://www.binge.audio/category/silenceonjoue/" type="rss" row="2000" col="2"/>
   <outline title="Les Podcasts Gameblog.fr" xmlUrl="http://www.gameblog.fr/podcasts.xml" htmlUrl="http://www.gameblog.fr/podcasts.php" type="rss" row="1000" col="3"/>
  </outline>
 </body>
</opml>
