<?xml version="1.0" encoding="UTF-8"?>
<opml version="1.0">
 <head>
  <title>Social</title>
  <type>Premium</type>
  <creationDate>2019-07-08 12:24:53</creationDate>
 </head>
 <body>
  <outline title="Social network" icon="happy-face" iconColor="orange" cols="3" layout="3-0">
   <outline type="MailWizard" title="E-mail Wizard" row="1000" col="1">
    <outline color="white"/>
   </outline>
   <outline type="Twitter" title="Twitter &amp;#x2F; twitter" row="2000" col="1">
    <outline lightVersion="true" limit="5" pagerPosition="bottom" useFullName="" showClient="" activeTab="home" selectedList="none" disableCheckMessages=""/>
   </outline>
   <outline type="ExtendedVibes" title="Recherche Twitter : 'from:twitter' (en_US)" row="3000" col="1">
    <outline mySearch="from:twitter" filterSearch="en_US" searchLimit="3" geocode="" radius="" unit="kilometers" showThumb="1" pagerPosition="bottom" activeTab="twitter-search" nvid="" streamTypes="twitter-search" searchType="social" lockedTab="false" latLong="" lightVersion="1" searchHistory="from:twitter:from:TwitterBlog:TwitterBlog:apple"/>
   </outline>
   <outline title="The Official Google Blog" xmlUrl="http://feeds.feedburner.com/blogspot/MKuf" htmlUrl="https://www.blog.google/" type="rss" row="4000" col="1"/>
   <outline type="ExtendedVibes" title="Social Recherche : 'apple' (en_US)" row="1000" col="2">
    <outline mySearch="apple" filterSearch="en_US" searchLimit="3" geocode="" radius="" unit="kilometers" showThumb="1" pagerPosition="bottom" activeTab="twitter-search" nvid="" streamTypes="twitter-search,google-plus-search" searchType="social" lockedTab="false" latLong="" lightVersion="false" searchHistory="apple"/>
   </outline>
   <outline type="ExtendedVibes" title="Video Recherche : 'samsung'" row="2000" col="2">
    <outline searchType="video" streamTypes="youtube,dailymotion" mySearch="samsung" filterSearch="" searchLimit="3" geocode="" radius="" unit="kilometers" showThumb="1" pagerPosition="bottom" activeTab="dailymotion" nvid="" lockedTab="false" latLong="" lightVersion="false" searchHistory="samsung"/>
   </outline>
   <outline type="ExtendedVibes" title="Twingly: 'facebook'" row="3000" col="2">
    <outline searchType="blog" streamTypes="twingly" mySearch="facebook" filterSearch="" searchLimit="3" geocode="" radius="" unit="kilometers" showThumb="1" pagerPosition="bottom" activeTab="twingly" nvid="" lockedTab="false" latLong="" lightVersion="" searchHistory="[&quot;facebook&quot;,&quot;google&quot;,&quot;google glass&quot;]"/>
   </outline>
   <outline type="Facebook" row="1000" col="3"/>
   <outline type="Twitter" title="Twitter" row="2000" col="3">
    <outline limit="5" pagerPosition="bottom" useFullName="" showClient="" activeTab="home" selectedList="none" color="white" lightVersion="false" disableCheckMessages=""/>
   </outline>
   <outline type="Reddit" title="Reddit" row="3000" col="3">
    <outline limit="5" activeSubreddit="all"/>
   </outline>
   <outline type="ExtendedVibes" title="News Recherche : 'facebook'" row="4000" col="3">
    <outline searchType="news" streamTypes="google-news,bing-news" mySearch="facebook" filterSearch="" searchLimit="5" geocode="" radius="" unit="kilometers" showThumb="1" pagerPosition="bottom" activeTab="google-news" nvid="" lockedTab="false" latLong="" lightVersion="false" searchHistory="facebook:yahoo"/>
   </outline>
  </outline>
 </body>
</opml>
